<?xml version="1.0" encoding="UTF-8"?>
<project-private xmlns="http://www.netbeans.org/ns/project-private/1">
    <editor-bookmarks xmlns="http://www.netbeans.org/ns/editor-bookmarks/2" lastBookmarkId="0"/>
    <open-files xmlns="http://www.netbeans.org/ns/projectui-open-files/2">
        <group>
            <file>file:/C:/Users/valen/Documents/NetBeansProjects/VideojuegoCRUD/src/videojuegocrud/Conexion.java</file>
            <file>file:/C:/Users/valen/Documents/NetBeansProjects/VideojuegoCRUD/src/videojuegocrud/JFramevideojuegos.java</file>
            <file>file:/C:/Users/valen/Documents/NetBeansProjects/VideojuegoCRUD/src/videojuegocrud/Producto.java</file>
            <file>file:/C:/Users/valen/Documents/NetBeansProjects/VideojuegoCRUD/src/videojuegocrud/ProductoDAO.java</file>
            <file>file:/C:/Users/valen/Documents/NetBeansProjects/VideojuegoCRUD/src/videojuegocrud/VideojuegoCRUD.java</file>
            <file>file:/C:/Users/valen/Documents/NetBeansProjects/VideojuegoCRUD/src/videojuegocrud/script_videojuegos.sql</file>
        </group>
    </open-files>
</project-private>
